{"cameraMode":{"drawMode":0,"name":"Shaded","section":"Shading Mode"},"sceneLighting":false,"audioPlay":false,"sceneViewState":{"m_AlwaysRefresh":false,"showFog":true,"showSkybox":true,"showFlares":true,"showImageEffects":true,"showParticleSystems":true,"showVisualEffectGraphs":true,"m_FxEnabled":true},"in2DMode":false,"pivot":{"x":-2.002516746520996,"y":1.2917182445526124,"z":18.491857528686525},"rotation":{"x":-0.01899908110499382,"y":-0.14051347970962525,"z":-0.0026940577663481237,"w":0.9898985028266907},"size":12.404152870178223,"orthographic":false}